,B_VALUE,C_VALUE,BETA1,BETA2,BETA3,BETA4,transactions,ETH,hours,days
0,100.0,100.0,1.0,0.01,10.0,0.01,38218.0,88.74487126,38218.0,1592.4166666666667
1,100.0,100.0,1.0,0.01,10.0,0.05,7644.0,17.74990308,7644.0,318.5
2,100.0,100.0,1.0,0.01,10.0,0.1,3822.0,8.87495154,3822.0,159.25
3,100.0,100.0,1.0,0.01,11.0,0.01,46972.0,109.07227204,46972.0,1957.1666666666667
4,100.0,100.0,1.0,0.01,11.0,0.05,9395.0,21.81584765,9395.0,391.4583333333333
5,100.0,100.0,1.0,0.01,11.0,0.1,4698.0,10.90908486,4698.0,195.75
6,100.0,100.0,1.0,0.01,12.0,0.01,60924.0,141.46979268,60924.0,2538.5
7,100.0,100.0,1.0,0.01,12.0,0.05,12185.0,28.29442295,12185.0,507.7083333333333
8,100.0,100.0,1.0,0.01,12.0,0.1,6093.0,14.14837251,6093.0,253.875
9,100.0,100.0,1.0,0.01,13.0,0.01,86611.0,201.11680477,86611.0,3608.7916666666665
10,100.0,100.0,1.0,0.01,13.0,0.05,17323.0,40.22521861,17323.0,721.7916666666666
11,100.0,100.0,1.0,0.01,13.0,0.1,8662.0,20.11377034,8662.0,360.9166666666667
12,100.0,100.0,1.0,0.01,14.0,0.01,148154.0,344.02395878,148154.0,6173.083333333333
13,100.0,100.0,1.0,0.01,14.0,0.05,29631.0,68.80525617,29631.0,1234.625
14,100.0,100.0,1.0,0.01,14.0,0.1,14816.0,34.40378912,14816.0,617.3333333333334
15,100.0,100.0,1.0,0.05,10.0,0.01,7644.0,17.74990308,7644.0,318.5
16,100.0,100.0,1.0,0.05,10.0,0.05,1529.0,3.55044503,1529.0,63.708333333333336
17,100.0,100.0,1.0,0.05,10.0,0.1,765.0,1.77638355,765.0,31.875
18,100.0,100.0,1.0,0.05,11.0,0.01,9395.0,21.81584765,9395.0,391.4583333333333
19,100.0,100.0,1.0,0.05,11.0,0.05,1879.0,4.36316953,1879.0,78.29166666666667
20,100.0,100.0,1.0,0.05,11.0,0.1,940.0,2.1827458,940.0,39.166666666666664
21,100.0,100.0,1.0,0.05,12.0,0.01,12185.0,28.29442295,12185.0,507.7083333333333
22,100.0,100.0,1.0,0.05,12.0,0.05,2437.0,5.65888459,2437.0,101.54166666666667
23,100.0,100.0,1.0,0.05,12.0,0.1,1219.0,2.83060333,1219.0,50.791666666666664
24,100.0,100.0,1.0,0.05,13.0,0.01,17323.0,40.22521861,17323.0,721.7916666666666
25,100.0,100.0,1.0,0.05,13.0,0.05,3465.0,8.04597255,3465.0,144.375
26,100.0,100.0,1.0,0.05,13.0,0.1,1733.0,4.02414731,1733.0,72.20833333333333
27,100.0,100.0,1.0,0.05,14.0,0.01,29631.0,68.80525617,29631.0,1234.625
28,100.0,100.0,1.0,0.05,14.0,0.05,5927.0,13.76290889,5927.0,246.95833333333334
29,100.0,100.0,1.0,0.05,14.0,0.1,2964.0,6.88261548,2964.0,123.5
30,100.0,100.0,1.0,0.1,10.0,0.01,3822.0,8.87495154,3822.0,159.25
31,100.0,100.0,1.0,0.1,10.0,0.05,765.0,1.77638355,765.0,31.875
32,100.0,100.0,1.0,0.1,10.0,0.1,383.0,0.88935281,383.0,15.958333333333334
33,100.0,100.0,1.0,0.1,11.0,0.01,4698.0,10.90908486,4698.0,195.75
34,100.0,100.0,1.0,0.1,11.0,0.05,940.0,2.1827458,940.0,39.166666666666664
35,100.0,100.0,1.0,0.1,11.0,0.1,470.0,1.0913729,470.0,19.583333333333332
36,100.0,100.0,1.0,0.1,12.0,0.01,6093.0,14.14837251,6093.0,253.875
37,100.0,100.0,1.0,0.1,12.0,0.05,1219.0,2.83060333,1219.0,50.791666666666664
38,100.0,100.0,1.0,0.1,12.0,0.1,610.0,1.4164627,610.0,25.416666666666668
39,100.0,100.0,1.0,0.1,13.0,0.01,8662.0,20.11377034,8662.0,360.9166666666667
40,100.0,100.0,1.0,0.1,13.0,0.05,1733.0,4.02414731,1733.0,72.20833333333333
41,100.0,100.0,1.0,0.1,13.0,0.1,867.0,2.01323469,867.0,36.125
42,100.0,100.0,1.0,0.1,14.0,0.01,14816.0,34.40378912,14816.0,617.3333333333334
43,100.0,100.0,1.0,0.1,14.0,0.05,2964.0,6.88261548,2964.0,123.5
44,100.0,100.0,1.0,0.1,14.0,0.1,1482.0,3.44130774,1482.0,61.75
45,100.0,200.0,1.0,0.01,10.0,0.01,43442.0,100.87536494,43442.0,1810.0833333333333
46,100.0,200.0,1.0,0.01,10.0,0.05,8689.0,20.17646623,8689.0,362.0416666666667
47,100.0,200.0,1.0,0.01,10.0,0.1,4345.0,10.08939415,4345.0,181.04166666666666
48,100.0,200.0,1.0,0.01,11.0,0.01,53392.0,123.97996144,53392.0,2224.6666666666665
49,100.0,200.0,1.0,0.01,11.0,0.05,10679.0,24.79738553,10679.0,444.9583333333333
50,100.0,200.0,1.0,0.01,11.0,0.1,5340.0,12.3998538,5340.0,222.5
51,100.0,200.0,1.0,0.01,12.0,0.01,69251.0,160.80566957,69251.0,2885.4583333333335
52,100.0,200.0,1.0,0.01,12.0,0.05,13851.0,32.16299157,13851.0,577.125
53,100.0,200.0,1.0,0.01,12.0,0.1,6926.0,16.08265682,6926.0,288.5833333333333
54,100.0,200.0,1.0,0.01,13.0,0.01,98449.0,228.60546943,98449.0,4102.041666666667
55,100.0,200.0,1.0,0.01,13.0,0.05,19690.0,45.7215583,19690.0,820.4166666666666
56,100.0,200.0,1.0,0.01,13.0,0.1,9845.0,22.86077915,9845.0,410.2083333333333
57,100.0,200.0,1.0,0.01,14.0,0.01,168403.0,391.04355421,168403.0,7016.791666666667
58,100.0,200.0,1.0,0.01,14.0,0.05,33681.0,78.20963967,33681.0,1403.375
59,100.0,200.0,1.0,0.01,14.0,0.1,16841.0,39.10598087,16841.0,701.7083333333334
60,100.0,200.0,1.0,0.05,10.0,0.01,8689.0,20.17646623,8689.0,362.0416666666667
61,100.0,200.0,1.0,0.05,10.0,0.05,1738.0,4.03575766,1738.0,72.41666666666667
62,100.0,200.0,1.0,0.05,10.0,0.1,869.0,2.01787883,869.0,36.208333333333336
63,100.0,200.0,1.0,0.05,11.0,0.01,10679.0,24.79738553,10679.0,444.9583333333333
64,100.0,200.0,1.0,0.05,11.0,0.05,2136.0,4.95994152,2136.0,89.0
65,100.0,200.0,1.0,0.05,11.0,0.1,1068.0,2.47997076,1068.0,44.5
66,100.0,200.0,1.0,0.05,12.0,0.01,13851.0,32.16299157,13851.0,577.125
67,100.0,200.0,1.0,0.05,12.0,0.05,2771.0,6.43445597,2771.0,115.45833333333333
68,100.0,200.0,1.0,0.05,12.0,0.1,1386.0,3.21838902,1386.0,57.75
69,100.0,200.0,1.0,0.05,13.0,0.01,19690.0,45.7215583,19690.0,820.4166666666666
70,100.0,200.0,1.0,0.05,13.0,0.05,3938.0,9.14431166,3938.0,164.08333333333334
71,100.0,200.0,1.0,0.05,13.0,0.1,1969.0,4.57215583,1969.0,82.04166666666667
72,100.0,200.0,1.0,0.05,14.0,0.01,33681.0,78.20963967,33681.0,1403.375
73,100.0,200.0,1.0,0.05,14.0,0.05,6737.0,15.64378559,6737.0,280.7083333333333
74,100.0,200.0,1.0,0.05,14.0,0.1,3369.0,7.82305383,3369.0,140.375
75,100.0,200.0,1.0,0.1,10.0,0.01,4345.0,10.08939415,4345.0,181.04166666666666
76,100.0,200.0,1.0,0.1,10.0,0.05,869.0,2.01787883,869.0,36.208333333333336
77,100.0,200.0,1.0,0.1,10.0,0.1,435.0,1.01010045,435.0,18.125
78,100.0,200.0,1.0,0.1,11.0,0.01,5340.0,12.3998538,5340.0,222.5
79,100.0,200.0,1.0,0.1,11.0,0.05,1068.0,2.47997076,1068.0,44.5
80,100.0,200.0,1.0,0.1,11.0,0.1,534.0,1.23998538,534.0,22.25
81,100.0,200.0,1.0,0.1,12.0,0.01,6926.0,16.08265682,6926.0,288.5833333333333
82,100.0,200.0,1.0,0.1,12.0,0.05,1386.0,3.21838902,1386.0,57.75
83,100.0,200.0,1.0,0.1,12.0,0.1,693.0,1.60919451,693.0,28.875
84,100.0,200.0,1.0,0.1,13.0,0.01,9845.0,22.86077915,9845.0,410.2083333333333
85,100.0,200.0,1.0,0.1,13.0,0.05,1969.0,4.57215583,1969.0,82.04166666666667
86,100.0,200.0,1.0,0.1,13.0,0.1,985.0,2.28723895,985.0,41.041666666666664
87,100.0,200.0,1.0,0.1,14.0,0.01,16841.0,39.10598087,16841.0,701.7083333333334
88,100.0,200.0,1.0,0.1,14.0,0.05,3369.0,7.82305383,3369.0,140.375
89,100.0,200.0,1.0,0.1,14.0,0.1,1685.0,3.91268795,1685.0,70.20833333333333
90,100.0,300.0,1.0,0.01,10.0,0.01,47450.0,110.1822215,47450.0,1977.0833333333333
91,100.0,300.0,1.0,0.01,10.0,0.05,9490.0,22.0364443,9490.0,395.4166666666667
92,100.0,300.0,1.0,0.01,10.0,0.1,4745.0,11.01822215,4745.0,197.70833333333334
93,100.0,300.0,1.0,0.01,11.0,0.01,58318.0,135.41847826,58318.0,2429.9166666666665
94,100.0,300.0,1.0,0.01,11.0,0.05,11664.0,27.08462448,11664.0,486.0
95,100.0,300.0,1.0,0.01,11.0,0.1,5832.0,13.54231224,5832.0,243.0
96,100.0,300.0,1.0,0.01,12.0,0.01,75640.0,175.6413748,75640.0,3151.6666666666665
97,100.0,300.0,1.0,0.01,12.0,0.05,15128.0,35.12827496,15128.0,630.3333333333334
98,100.0,300.0,1.0,0.01,12.0,0.1,7564.0,17.56413748,7564.0,315.1666666666667
99,100.0,300.0,1.0,0.01,13.0,0.01,107533.0,249.69915331,107533.0,4480.541666666667
100,100.0,300.0,1.0,0.01,13.0,0.05,21507.0,49.94075949,21507.0,896.125
101,100.0,300.0,1.0,0.01,13.0,0.1,10754.0,24.97154078,10754.0,448.0833333333333
102,100.0,300.0,1.0,0.01,14.0,0.01,183941.0,427.12387787,183941.0,7664.208333333333
103,100.0,300.0,1.0,0.01,14.0,0.05,36789.0,85.42663323,36789.0,1532.875
104,100.0,300.0,1.0,0.01,14.0,0.1,18395.0,42.71447765,18395.0,766.4583333333334
105,100.0,300.0,1.0,0.05,10.0,0.01,9490.0,22.0364443,9490.0,395.4166666666667
106,100.0,300.0,1.0,0.05,10.0,0.05,1898.0,4.40728886,1898.0,79.08333333333333
107,100.0,300.0,1.0,0.05,10.0,0.1,949.0,2.20364443,949.0,39.541666666666664
108,100.0,300.0,1.0,0.05,11.0,0.01,11664.0,27.08462448,11664.0,486.0
109,100.0,300.0,1.0,0.05,11.0,0.05,2333.0,5.41738931,2333.0,97.20833333333333
110,100.0,300.0,1.0,0.05,11.0,0.1,1167.0,2.70985569,1167.0,48.625
111,100.0,300.0,1.0,0.05,12.0,0.01,15128.0,35.12827496,15128.0,630.3333333333334
112,100.0,300.0,1.0,0.05,12.0,0.05,3026.0,7.02658382,3026.0,126.08333333333333
113,100.0,300.0,1.0,0.05,12.0,0.1,1513.0,3.51329191,1513.0,63.041666666666664
114,100.0,300.0,1.0,0.05,13.0,0.01,21507.0,49.94075949,21507.0,896.125
115,100.0,300.0,1.0,0.05,13.0,0.05,4302.0,9.98954514,4302.0,179.25
116,100.0,300.0,1.0,0.05,13.0,0.1,2151.0,4.99477257,2151.0,89.625
117,100.0,300.0,1.0,0.05,14.0,0.01,36789.0,85.42663323,36789.0,1532.875
118,100.0,300.0,1.0,0.05,14.0,0.05,7358.0,17.08579106,7358.0,306.5833333333333
119,100.0,300.0,1.0,0.05,14.0,0.1,3679.0,8.54289553,3679.0,153.29166666666666
120,100.0,300.0,1.0,0.1,10.0,0.01,4745.0,11.01822215,4745.0,197.70833333333334
121,100.0,300.0,1.0,0.1,10.0,0.05,949.0,2.20364443,949.0,39.541666666666664
122,100.0,300.0,1.0,0.1,10.0,0.1,475.0,1.10298325,475.0,19.791666666666668
123,100.0,300.0,1.0,0.1,11.0,0.01,5832.0,13.54231224,5832.0,243.0
124,100.0,300.0,1.0,0.1,11.0,0.05,1167.0,2.70985569,1167.0,48.625
125,100.0,300.0,1.0,0.1,11.0,0.1,584.0,1.35608888,584.0,24.333333333333332
126,100.0,300.0,1.0,0.1,12.0,0.01,7564.0,17.56413748,7564.0,315.1666666666667
127,100.0,300.0,1.0,0.1,12.0,0.05,1513.0,3.51329191,1513.0,63.041666666666664
128,100.0,300.0,1.0,0.1,12.0,0.1,757.0,1.75780699,757.0,31.541666666666668
129,100.0,300.0,1.0,0.1,13.0,0.01,10754.0,24.97154078,10754.0,448.0833333333333
130,100.0,300.0,1.0,0.1,13.0,0.05,2151.0,4.99477257,2151.0,89.625
131,100.0,300.0,1.0,0.1,13.0,0.1,1076.0,2.49854732,1076.0,44.833333333333336
132,100.0,300.0,1.0,0.1,14.0,0.01,18395.0,42.71447765,18395.0,766.4583333333334
133,100.0,300.0,1.0,0.1,14.0,0.05,3679.0,8.54289553,3679.0,153.29166666666666
134,100.0,300.0,1.0,0.1,14.0,0.1,1840.0,4.2726088,1840.0,76.66666666666667
135,200.0,100.0,1.0,0.01,10.0,0.01,63825.0,148.20611775,63825.0,2659.375
136,200.0,100.0,1.0,0.01,10.0,0.05,12765.0,29.64122355,12765.0,531.875
137,200.0,100.0,1.0,0.01,10.0,0.1,6383.0,14.82177281,6383.0,265.9583333333333
138,200.0,100.0,1.0,0.01,11.0,0.01,78444.0,182.15245908,78444.0,3268.5
139,200.0,100.0,1.0,0.01,11.0,0.05,15689.0,36.43095623,15689.0,653.7083333333334
140,200.0,100.0,1.0,0.01,11.0,0.1,7845.0,18.21663915,7845.0,326.875
141,200.0,100.0,1.0,0.01,12.0,0.01,101745.0,236.25901215,101745.0,4239.375
142,200.0,100.0,1.0,0.01,12.0,0.05,20349.0,47.25180243,20349.0,847.875
143,200.0,100.0,1.0,0.01,12.0,0.1,10175.0,23.62706225,10175.0,423.9583333333333
144,200.0,100.0,1.0,0.01,13.0,0.01,144643.0,335.87117101,144643.0,6026.791666666667
145,200.0,100.0,1.0,0.01,13.0,0.05,28929.0,67.17516303,28929.0,1205.375
146,200.0,100.0,1.0,0.01,13.0,0.1,14465.0,33.58874255,14465.0,602.7083333333334
147,200.0,100.0,1.0,0.01,14.0,0.01,247421.0,574.52888147,247421.0,10309.208333333334
148,200.0,100.0,1.0,0.01,14.0,0.05,49485.0,114.90763395,49485.0,2061.875
149,200.0,100.0,1.0,0.01,14.0,0.1,24743.0,57.45497801,24743.0,1030.9583333333333
150,200.0,100.0,1.0,0.05,10.0,0.01,12765.0,29.64122355,12765.0,531.875
151,200.0,100.0,1.0,0.05,10.0,0.05,2553.0,5.92824471,2553.0,106.375
152,200.0,100.0,1.0,0.05,10.0,0.1,1277.0,2.96528339,1277.0,53.208333333333336
153,200.0,100.0,1.0,0.05,11.0,0.01,15689.0,36.43095623,15689.0,653.7083333333334
154,200.0,100.0,1.0,0.05,11.0,0.05,3138.0,7.28665566,3138.0,130.75
155,200.0,100.0,1.0,0.05,11.0,0.1,1569.0,3.64332783,1569.0,65.375
156,200.0,100.0,1.0,0.05,12.0,0.01,20349.0,47.25180243,20349.0,847.875
157,200.0,100.0,1.0,0.05,12.0,0.05,4070.0,9.4508249,4070.0,169.58333333333334
158,200.0,100.0,1.0,0.05,12.0,0.1,2035.0,4.72541245,2035.0,84.79166666666667
159,200.0,100.0,1.0,0.05,13.0,0.01,28929.0,67.17516303,28929.0,1205.375
160,200.0,100.0,1.0,0.05,13.0,0.05,5786.0,13.43549702,5786.0,241.08333333333334
161,200.0,100.0,1.0,0.05,13.0,0.1,2893.0,6.71774851,2893.0,120.54166666666667
162,200.0,100.0,1.0,0.05,14.0,0.01,49485.0,114.90763395,49485.0,2061.875
163,200.0,100.0,1.0,0.05,14.0,0.05,9897.0,22.98152679,9897.0,412.375
164,200.0,100.0,1.0,0.05,14.0,0.1,4949.0,11.49192443,4949.0,206.20833333333334
165,200.0,100.0,1.0,0.1,10.0,0.01,6383.0,14.82177281,6383.0,265.9583333333333
166,200.0,100.0,1.0,0.1,10.0,0.05,1277.0,2.96528339,1277.0,53.208333333333336
167,200.0,100.0,1.0,0.1,10.0,0.1,639.0,1.48380273,639.0,26.625
168,200.0,100.0,1.0,0.1,11.0,0.01,7845.0,18.21663915,7845.0,326.875
169,200.0,100.0,1.0,0.1,11.0,0.05,1569.0,3.64332783,1569.0,65.375
170,200.0,100.0,1.0,0.1,11.0,0.1,785.0,1.82282495,785.0,32.708333333333336
171,200.0,100.0,1.0,0.1,12.0,0.01,10175.0,23.62706225,10175.0,423.9583333333333
172,200.0,100.0,1.0,0.1,12.0,0.05,2035.0,4.72541245,2035.0,84.79166666666667
173,200.0,100.0,1.0,0.1,12.0,0.1,1018.0,2.36386726,1018.0,42.416666666666664
174,200.0,100.0,1.0,0.1,13.0,0.01,14465.0,33.58874255,14465.0,602.7083333333334
175,200.0,100.0,1.0,0.1,13.0,0.05,2893.0,6.71774851,2893.0,120.54166666666667
176,200.0,100.0,1.0,0.1,13.0,0.1,1447.0,3.36003529,1447.0,60.291666666666664
177,200.0,100.0,1.0,0.1,14.0,0.01,24743.0,57.45497801,24743.0,1030.9583333333333
178,200.0,100.0,1.0,0.1,14.0,0.05,4949.0,11.49192443,4949.0,206.20833333333334
179,200.0,100.0,1.0,0.1,14.0,0.1,2475.0,5.74712325,2475.0,103.125
180,200.0,200.0,1.0,0.01,10.0,0.01,69049.0,160.33661143,69049.0,2877.0416666666665
181,200.0,200.0,1.0,0.01,10.0,0.05,13810.0,32.0677867,13810.0,575.4166666666666
182,200.0,200.0,1.0,0.01,10.0,0.1,6905.0,16.03389335,6905.0,287.7083333333333
183,200.0,200.0,1.0,0.01,11.0,0.01,84864.0,197.06014848,84864.0,3536.0
184,200.0,200.0,1.0,0.01,11.0,0.05,16973.0,39.41249411,16973.0,707.2083333333334
185,200.0,200.0,1.0,0.01,11.0,0.1,8487.0,19.70740809,8487.0,353.625
186,200.0,200.0,1.0,0.01,12.0,0.01,110071.0,255.59256697,110071.0,4586.291666666667
187,200.0,200.0,1.0,0.01,12.0,0.05,22015.0,51.12037105,22015.0,917.2916666666666
188,200.0,200.0,1.0,0.01,12.0,0.1,11008.0,25.56134656,11008.0,458.6666666666667
189,200.0,200.0,1.0,0.01,13.0,0.01,156481.0,363.35983567,156481.0,6520.041666666667
190,200.0,200.0,1.0,0.01,13.0,0.05,31297.0,72.67382479,31297.0,1304.0416666666667
191,200.0,200.0,1.0,0.01,13.0,0.1,15649.0,36.33807343,15649.0,652.0416666666666
192,200.0,200.0,1.0,0.01,14.0,0.01,267671.0,621.55079897,267671.0,11152.958333333334
193,200.0,200.0,1.0,0.01,14.0,0.05,53535.0,124.31201745,53535.0,2230.625
194,200.0,200.0,1.0,0.01,14.0,0.1,26768.0,62.15716976,26768.0,1115.3333333333333
195,200.0,200.0,1.0,0.05,10.0,0.01,13810.0,32.0677867,13810.0,575.4166666666666
196,200.0,200.0,1.0,0.05,10.0,0.05,2762.0,6.41355734,2762.0,115.08333333333333
197,200.0,200.0,1.0,0.05,10.0,0.1,1381.0,3.20677867,1381.0,57.541666666666664
198,200.0,200.0,1.0,0.05,11.0,0.01,16973.0,39.41249411,16973.0,707.2083333333334
199,200.0,200.0,1.0,0.05,11.0,0.05,3395.0,7.88342765,3395.0,141.45833333333334
200,200.0,200.0,1.0,0.05,11.0,0.1,1698.0,3.94287486,1698.0,70.75
201,200.0,200.0,1.0,0.05,12.0,0.01,22015.0,51.12037105,22015.0,917.2916666666666
202,200.0,200.0,1.0,0.05,12.0,0.05,4403.0,10.22407421,4403.0,183.45833333333334
203,200.0,200.0,1.0,0.05,12.0,0.1,2202.0,5.11319814,2202.0,91.75
204,200.0,200.0,1.0,0.05,13.0,0.01,31297.0,72.67382479,31297.0,1304.0416666666667
205,200.0,200.0,1.0,0.05,13.0,0.05,6260.0,14.5361582,6260.0,260.8333333333333
206,200.0,200.0,1.0,0.05,13.0,0.1,3130.0,7.2680791,3130.0,130.41666666666666
207,200.0,200.0,1.0,0.05,14.0,0.01,53535.0,124.31201745,53535.0,2230.625
208,200.0,200.0,1.0,0.05,14.0,0.05,10707.0,24.86240349,10707.0,446.125
209,200.0,200.0,1.0,0.05,14.0,0.1,5354.0,12.43236278,5354.0,223.08333333333334
210,200.0,200.0,1.0,0.1,10.0,0.01,6905.0,16.03389335,6905.0,287.7083333333333
211,200.0,200.0,1.0,0.1,10.0,0.05,1381.0,3.20677867,1381.0,57.541666666666664
212,200.0,200.0,1.0,0.1,10.0,0.1,691.0,1.60455037,691.0,28.791666666666668
213,200.0,200.0,1.0,0.1,11.0,0.01,8487.0,19.70740809,8487.0,353.625
214,200.0,200.0,1.0,0.1,11.0,0.05,1698.0,3.94287486,1698.0,70.75
215,200.0,200.0,1.0,0.1,11.0,0.1,849.0,1.97143743,849.0,35.375
216,200.0,200.0,1.0,0.1,12.0,0.01,11008.0,25.56134656,11008.0,458.6666666666667
217,200.0,200.0,1.0,0.1,12.0,0.05,2202.0,5.11319814,2202.0,91.75
218,200.0,200.0,1.0,0.1,12.0,0.1,1101.0,2.55659907,1101.0,45.875
219,200.0,200.0,1.0,0.1,13.0,0.01,15649.0,36.33807343,15649.0,652.0416666666666
220,200.0,200.0,1.0,0.1,13.0,0.05,3130.0,7.2680791,3130.0,130.41666666666666
221,200.0,200.0,1.0,0.1,13.0,0.1,1565.0,3.63403955,1565.0,65.20833333333333
222,200.0,200.0,1.0,0.1,14.0,0.01,26768.0,62.15716976,26768.0,1115.3333333333333
223,200.0,200.0,1.0,0.1,14.0,0.05,5354.0,12.43236278,5354.0,223.08333333333334
224,200.0,200.0,1.0,0.1,14.0,0.1,2677.0,6.21618139,2677.0,111.54166666666667
225,200.0,300.0,1.0,0.01,10.0,0.01,73057.0,169.64346799,73057.0,3044.0416666666665
226,200.0,300.0,1.0,0.01,10.0,0.05,14612.0,33.93008684,14612.0,608.8333333333334
227,200.0,300.0,1.0,0.01,10.0,0.1,7306.0,16.96504342,7306.0,304.4166666666667
228,200.0,300.0,1.0,0.01,11.0,0.01,89790.0,208.4986653,89790.0,3741.25
229,200.0,300.0,1.0,0.01,11.0,0.05,17958.0,41.69973306,17958.0,748.25
230,200.0,300.0,1.0,0.01,11.0,0.1,8979.0,20.84986653,8979.0,374.125
231,200.0,300.0,1.0,0.01,12.0,0.01,116461.0,270.43059427,116461.0,4852.541666666667
232,200.0,300.0,1.0,0.01,12.0,0.05,23293.0,54.08797651,23293.0,970.5416666666666
233,200.0,300.0,1.0,0.01,12.0,0.1,11647.0,27.04514929,11647.0,485.2916666666667
234,200.0,300.0,1.0,0.01,13.0,0.01,165564.0,384.45119748,165564.0,6898.5
235,200.0,300.0,1.0,0.01,13.0,0.05,33113.0,76.89070391,33113.0,1379.7083333333333
236,200.0,300.0,1.0,0.01,13.0,0.1,16557.0,38.44651299,16557.0,689.875
237,200.0,300.0,1.0,0.01,14.0,0.01,283208.0,657.62880056,283208.0,11800.333333333334
238,200.0,300.0,1.0,0.01,14.0,0.05,56642.0,131.52668894,56642.0,2360.0833333333335
239,200.0,300.0,1.0,0.01,14.0,0.1,28321.0,65.76334447,28321.0,1180.0416666666667
240,200.0,300.0,1.0,0.05,10.0,0.01,14612.0,33.93008684,14612.0,608.8333333333334
241,200.0,300.0,1.0,0.05,10.0,0.05,2923.0,6.78741061,2923.0,121.79166666666667
242,200.0,300.0,1.0,0.05,10.0,0.1,1462.0,3.39486634,1462.0,60.916666666666664
243,200.0,300.0,1.0,0.05,11.0,0.01,17958.0,41.69973306,17958.0,748.25
244,200.0,300.0,1.0,0.05,11.0,0.05,3592.0,8.34087544,3592.0,149.66666666666666
245,200.0,300.0,1.0,0.05,11.0,0.1,1796.0,4.17043772,1796.0,74.83333333333333
246,200.0,300.0,1.0,0.05,12.0,0.01,23293.0,54.08797651,23293.0,970.5416666666666
247,200.0,300.0,1.0,0.05,12.0,0.05,4659.0,10.81852413,4659.0,194.125
248,200.0,300.0,1.0,0.05,12.0,0.1,2330.0,5.4104231,2330.0,97.08333333333333
249,200.0,300.0,1.0,0.05,13.0,0.01,33113.0,76.89070391,33113.0,1379.7083333333333
250,200.0,300.0,1.0,0.05,13.0,0.05,6623.0,15.37906961,6623.0,275.9583333333333
251,200.0,300.0,1.0,0.05,13.0,0.1,3312.0,7.69069584,3312.0,138.0
252,200.0,300.0,1.0,0.05,14.0,0.01,56642.0,131.52668894,56642.0,2360.0833333333335
253,200.0,300.0,1.0,0.05,14.0,0.05,11329.0,26.30673103,11329.0,472.0416666666667
254,200.0,300.0,1.0,0.05,14.0,0.1,5665.0,13.15452655,5665.0,236.04166666666666
255,200.0,300.0,1.0,0.1,10.0,0.01,7306.0,16.96504342,7306.0,304.4166666666667
256,200.0,300.0,1.0,0.1,10.0,0.05,1462.0,3.39486634,1462.0,60.916666666666664
257,200.0,300.0,1.0,0.1,10.0,0.1,731.0,1.69743317,731.0,30.458333333333332
258,200.0,300.0,1.0,0.1,11.0,0.01,8979.0,20.84986653,8979.0,374.125
259,200.0,300.0,1.0,0.1,11.0,0.05,1796.0,4.17043772,1796.0,74.83333333333333
260,200.0,300.0,1.0,0.1,11.0,0.1,898.0,2.08521886,898.0,37.416666666666664
261,200.0,300.0,1.0,0.1,12.0,0.01,11647.0,27.04514929,11647.0,485.2916666666667
262,200.0,300.0,1.0,0.1,12.0,0.05,2330.0,5.4104231,2330.0,97.08333333333333
263,200.0,300.0,1.0,0.1,12.0,0.1,1165.0,2.70521155,1165.0,48.541666666666664
264,200.0,300.0,1.0,0.1,13.0,0.01,16557.0,38.44651299,16557.0,689.875
265,200.0,300.0,1.0,0.1,13.0,0.05,3312.0,7.69069584,3312.0,138.0
266,200.0,300.0,1.0,0.1,13.0,0.1,1656.0,3.84534792,1656.0,69.0
267,200.0,300.0,1.0,0.1,14.0,0.01,28321.0,65.76334447,28321.0,1180.0416666666667
268,200.0,300.0,1.0,0.1,14.0,0.05,5665.0,13.15452655,5665.0,236.04166666666666
269,200.0,300.0,1.0,0.1,14.0,0.1,2833.0,6.57842431,2833.0,118.04166666666667
270,300.0,100.0,1.0,0.01,10.0,0.01,89433.0,207.66968631,89433.0,3726.375
271,300.0,100.0,1.0,0.01,10.0,0.05,17887.0,41.53486609,17887.0,745.2916666666666
272,300.0,100.0,1.0,0.01,10.0,0.1,8944.0,20.76859408,8944.0,372.6666666666667
273,300.0,100.0,1.0,0.01,11.0,0.01,109916.0,255.23264612,109916.0,4579.833333333333
274,300.0,100.0,1.0,0.01,11.0,0.05,21984.0,51.04838688,21984.0,916.0
275,300.0,100.0,1.0,0.01,11.0,0.1,10992.0,25.52419344,10992.0,458.0
276,300.0,100.0,1.0,0.01,12.0,0.01,142565.0,331.04590955,142565.0,5940.208333333333
277,300.0,100.0,1.0,0.01,12.0,0.05,28513.0,66.20918191,28513.0,1188.0416666666667
278,300.0,100.0,1.0,0.01,12.0,0.1,14257.0,33.10575199,14257.0,594.0416666666666
279,300.0,100.0,1.0,0.01,13.0,0.01,202675.0,470.62553725,202675.0,8444.791666666666
280,300.0,100.0,1.0,0.01,13.0,0.05,40535.0,94.12510745,40535.0,1688.9583333333333
281,300.0,100.0,1.0,0.01,13.0,0.1,20268.0,47.06371476,20268.0,844.5
282,300.0,100.0,1.0,0.01,14.0,0.01,346689.0,805.03612623,346689.0,14445.375
283,300.0,100.0,1.0,0.01,14.0,0.05,69338.0,161.00768966,69338.0,2889.0833333333335
284,300.0,100.0,1.0,0.01,14.0,0.1,34669.0,80.50384483,34669.0,1444.5416666666667
285,300.0,100.0,1.0,0.05,10.0,0.01,17887.0,41.53486609,17887.0,745.2916666666666
286,300.0,100.0,1.0,0.05,10.0,0.05,3578.0,8.30836646,3578.0,149.08333333333334
287,300.0,100.0,1.0,0.05,10.0,0.1,1789.0,4.15418323,1789.0,74.54166666666667
288,300.0,100.0,1.0,0.05,11.0,0.01,21984.0,51.04838688,21984.0,916.0
289,300.0,100.0,1.0,0.05,11.0,0.05,4397.0,10.21014179,4397.0,183.20833333333334
290,300.0,100.0,1.0,0.05,11.0,0.1,2199.0,5.10623193,2199.0,91.625
291,300.0,100.0,1.0,0.05,12.0,0.01,28513.0,66.20918191,28513.0,1188.0416666666667
292,300.0,100.0,1.0,0.05,12.0,0.05,5703.0,13.24276521,5703.0,237.625
293,300.0,100.0,1.0,0.05,12.0,0.1,2852.0,6.62254364,2852.0,118.83333333333333
294,300.0,100.0,1.0,0.05,13.0,0.01,40535.0,94.12510745,40535.0,1688.9583333333333
295,300.0,100.0,1.0,0.05,13.0,0.05,8107.0,18.82502149,8107.0,337.7916666666667
296,300.0,100.0,1.0,0.05,13.0,0.1,4054.0,9.41367178,4054.0,168.91666666666666
297,300.0,100.0,1.0,0.05,14.0,0.01,69338.0,161.00768966,69338.0,2889.0833333333335
298,300.0,100.0,1.0,0.05,14.0,0.05,13868.0,32.20246676,13868.0,577.8333333333334
299,300.0,100.0,1.0,0.05,14.0,0.1,6934.0,16.10123338,6934.0,288.9166666666667
300,300.0,100.0,1.0,0.1,10.0,0.01,8944.0,20.76859408,8944.0,372.6666666666667
301,300.0,100.0,1.0,0.1,10.0,0.05,1789.0,4.15418323,1789.0,74.54166666666667
302,300.0,100.0,1.0,0.1,10.0,0.1,895.0,2.07825265,895.0,37.291666666666664
303,300.0,100.0,1.0,0.1,11.0,0.01,10992.0,25.52419344,10992.0,458.0
304,300.0,100.0,1.0,0.1,11.0,0.05,2199.0,5.10623193,2199.0,91.625
305,300.0,100.0,1.0,0.1,11.0,0.1,1100.0,2.554277,1100.0,45.833333333333336
306,300.0,100.0,1.0,0.1,12.0,0.01,14257.0,33.10575199,14257.0,594.0416666666666
307,300.0,100.0,1.0,0.1,12.0,0.05,2852.0,6.62254364,2852.0,118.83333333333333
308,300.0,100.0,1.0,0.1,12.0,0.1,1426.0,3.31127182,1426.0,59.416666666666664
309,300.0,100.0,1.0,0.1,13.0,0.01,20268.0,47.06371476,20268.0,844.5
310,300.0,100.0,1.0,0.1,13.0,0.05,4054.0,9.41367178,4054.0,168.91666666666666
311,300.0,100.0,1.0,0.1,13.0,0.1,2027.0,4.70683589,2027.0,84.45833333333333
312,300.0,100.0,1.0,0.1,14.0,0.01,34669.0,80.50384483,34669.0,1444.5416666666667
313,300.0,100.0,1.0,0.1,14.0,0.05,6934.0,16.10123338,6934.0,288.9166666666667
314,300.0,100.0,1.0,0.1,14.0,0.1,3467.0,8.05061669,3467.0,144.45833333333334
315,300.0,200.0,1.0,0.01,10.0,0.01,94656.0,219.79785792,94656.0,3944.0
316,300.0,200.0,1.0,0.01,10.0,0.05,18932.0,43.96142924,18932.0,788.8333333333334
317,300.0,200.0,1.0,0.01,10.0,0.1,9466.0,21.98071462,9466.0,394.4166666666667
318,300.0,200.0,1.0,0.01,11.0,0.01,116336.0,270.14033552,116336.0,4847.333333333333
319,300.0,200.0,1.0,0.01,11.0,0.05,23268.0,54.02992476,23268.0,969.5
320,300.0,200.0,1.0,0.01,11.0,0.1,11634.0,27.01496238,11634.0,484.75
321,300.0,200.0,1.0,0.01,12.0,0.01,150892.0,350.38178644,150892.0,6287.166666666667
322,300.0,200.0,1.0,0.01,12.0,0.05,30179.0,70.07775053,30179.0,1257.4583333333333
323,300.0,200.0,1.0,0.01,12.0,0.1,15090.0,35.0400363,15090.0,628.75
324,300.0,200.0,1.0,0.01,13.0,0.01,214513.0,498.11420191,214513.0,8938.041666666666
325,300.0,200.0,1.0,0.01,13.0,0.05,42903.0,99.62376921,42903.0,1787.625
326,300.0,200.0,1.0,0.01,13.0,0.1,21452.0,49.81304564,21452.0,893.8333333333334
327,300.0,200.0,1.0,0.01,14.0,0.01,366938.0,852.05572166,366938.0,15289.083333333334
328,300.0,200.0,1.0,0.01,14.0,0.05,73388.0,170.41207316,73388.0,3057.8333333333335
329,300.0,200.0,1.0,0.01,14.0,0.1,36694.0,85.20603658,36694.0,1528.9166666666667
330,300.0,200.0,1.0,0.05,10.0,0.01,18932.0,43.96142924,18932.0,788.8333333333334
331,300.0,200.0,1.0,0.05,10.0,0.05,3787.0,8.79367909,3787.0,157.79166666666666
332,300.0,200.0,1.0,0.05,10.0,0.1,1894.0,4.39800058,1894.0,78.91666666666667
333,300.0,200.0,1.0,0.05,11.0,0.01,23268.0,54.02992476,23268.0,969.5
334,300.0,200.0,1.0,0.05,11.0,0.05,4654.0,10.80691378,4654.0,193.91666666666666
335,300.0,200.0,1.0,0.05,11.0,0.1,2327.0,5.40345689,2327.0,96.95833333333333
336,300.0,200.0,1.0,0.05,12.0,0.01,30179.0,70.07775053,30179.0,1257.4583333333333
337,300.0,200.0,1.0,0.05,12.0,0.05,6036.0,14.01601452,6036.0,251.5
338,300.0,200.0,1.0,0.05,12.0,0.1,3018.0,7.00800726,3018.0,125.75
339,300.0,200.0,1.0,0.05,13.0,0.01,42903.0,99.62376921,42903.0,1787.625
340,300.0,200.0,1.0,0.05,13.0,0.05,8581.0,19.92568267,8581.0,357.5416666666667
341,300.0,200.0,1.0,0.05,13.0,0.1,4291.0,9.96400237,4291.0,178.79166666666666
342,300.0,200.0,1.0,0.05,14.0,0.01,73388.0,170.41207316,73388.0,3057.8333333333335
343,300.0,200.0,1.0,0.05,14.0,0.05,14678.0,34.08334346,14678.0,611.5833333333334
344,300.0,200.0,1.0,0.05,14.0,0.1,7339.0,17.04167173,7339.0,305.7916666666667
345,300.0,200.0,1.0,0.1,10.0,0.01,9466.0,21.98071462,9466.0,394.4166666666667
346,300.0,200.0,1.0,0.1,10.0,0.05,1894.0,4.39800058,1894.0,78.91666666666667
347,300.0,200.0,1.0,0.1,10.0,0.1,947.0,2.19900029,947.0,39.458333333333336
348,300.0,200.0,1.0,0.1,11.0,0.01,11634.0,27.01496238,11634.0,484.75
349,300.0,200.0,1.0,0.1,11.0,0.05,2327.0,5.40345689,2327.0,96.95833333333333
350,300.0,200.0,1.0,0.1,11.0,0.1,1164.0,2.70288948,1164.0,48.5
351,300.0,200.0,1.0,0.1,12.0,0.01,15090.0,35.0400363,15090.0,628.75
352,300.0,200.0,1.0,0.1,12.0,0.05,3018.0,7.00800726,3018.0,125.75
353,300.0,200.0,1.0,0.1,12.0,0.1,1509.0,3.50400363,1509.0,62.875
354,300.0,200.0,1.0,0.1,13.0,0.01,21452.0,49.81304564,21452.0,893.8333333333334
355,300.0,200.0,1.0,0.1,13.0,0.05,4291.0,9.96400237,4291.0,178.79166666666666
356,300.0,200.0,1.0,0.1,13.0,0.1,2146.0,4.98316222,2146.0,89.41666666666667
357,300.0,200.0,1.0,0.1,14.0,0.01,36694.0,85.20603658,36694.0,1528.9166666666667
358,300.0,200.0,1.0,0.1,14.0,0.05,7339.0,17.04167173,7339.0,305.7916666666667
359,300.0,200.0,1.0,0.1,14.0,0.1,3670.0,8.5219969,3670.0,152.91666666666666
360,300.0,300.0,1.0,0.01,10.0,0.01,98664.0,229.10471448,98664.0,4111.0
361,300.0,300.0,1.0,0.01,10.0,0.05,19733.0,45.82140731,19733.0,822.2083333333334
362,300.0,300.0,1.0,0.01,10.0,0.1,9867.0,22.91186469,9867.0,411.125
363,300.0,300.0,1.0,0.01,11.0,0.01,121263.0,281.58117441,121263.0,5052.625
364,300.0,300.0,1.0,0.01,11.0,0.05,24253.0,56.31716371,24253.0,1010.5416666666666
365,300.0,300.0,1.0,0.01,11.0,0.1,12127.0,28.15974289,12127.0,505.2916666666667
366,300.0,300.0,1.0,0.01,12.0,0.01,157281.0,365.21749167,157281.0,6553.375
367,300.0,300.0,1.0,0.01,12.0,0.05,31457.0,73.04535599,31457.0,1310.7083333333333
368,300.0,300.0,1.0,0.01,12.0,0.1,15729.0,36.52383903,15729.0,655.375
369,300.0,300.0,1.0,0.01,13.0,0.01,223596.0,519.20556372,223596.0,9316.5
370,300.0,300.0,1.0,0.01,13.0,0.05,44720.0,103.8429704,44720.0,1863.3333333333333
371,300.0,300.0,1.0,0.01,13.0,0.1,22360.0,51.9214852,22360.0,931.6666666666666
372,300.0,300.0,1.0,0.01,14.0,0.01,382476.0,888.13604532,382476.0,15936.5
373,300.0,300.0,1.0,0.01,14.0,0.05,76496.0,177.62906672,76496.0,3187.3333333333335
374,300.0,300.0,1.0,0.01,14.0,0.1,38248.0,88.81453336,38248.0,1593.6666666666667
375,300.0,300.0,1.0,0.05,10.0,0.01,19733.0,45.82140731,19733.0,822.2083333333334
376,300.0,300.0,1.0,0.05,10.0,0.05,3947.0,9.16521029,3947.0,164.45833333333334
377,300.0,300.0,1.0,0.05,10.0,0.1,1974.0,4.58376618,1974.0,82.25
378,300.0,300.0,1.0,0.05,11.0,0.01,24253.0,56.31716371,24253.0,1010.5416666666666
379,300.0,300.0,1.0,0.05,11.0,0.05,4851.0,11.26436157,4851.0,202.125
380,300.0,300.0,1.0,0.05,11.0,0.1,2426.0,5.63334182,2426.0,101.08333333333333
381,300.0,300.0,1.0,0.05,12.0,0.01,31457.0,73.04535599,31457.0,1310.7083333333333
382,300.0,300.0,1.0,0.05,12.0,0.05,6292.0,14.61046444,6292.0,262.1666666666667
383,300.0,300.0,1.0,0.05,12.0,0.1,3146.0,7.30523222,3146.0,131.08333333333334
384,300.0,300.0,1.0,0.05,13.0,0.01,44720.0,103.8429704,44720.0,1863.3333333333333
385,300.0,300.0,1.0,0.05,13.0,0.05,8944.0,20.76859408,8944.0,372.6666666666667
386,300.0,300.0,1.0,0.05,13.0,0.1,4472.0,10.38429704,4472.0,186.33333333333334
387,300.0,300.0,1.0,0.05,14.0,0.01,76496.0,177.62906672,76496.0,3187.3333333333335
388,300.0,300.0,1.0,0.05,14.0,0.05,15300.0,35.527671,15300.0,637.5
389,300.0,300.0,1.0,0.05,14.0,0.1,7650.0,17.7638355,7650.0,318.75
390,300.0,300.0,1.0,0.1,10.0,0.01,9867.0,22.91186469,9867.0,411.125
391,300.0,300.0,1.0,0.1,10.0,0.05,1974.0,4.58376618,1974.0,82.25
392,300.0,300.0,1.0,0.1,10.0,0.1,987.0,2.29188309,987.0,41.125
393,300.0,300.0,1.0,0.1,11.0,0.01,12127.0,28.15974289,12127.0,505.2916666666667
394,300.0,300.0,1.0,0.1,11.0,0.05,2426.0,5.63334182,2426.0,101.08333333333333
395,300.0,300.0,1.0,0.1,11.0,0.1,1213.0,2.81667091,1213.0,50.541666666666664
396,300.0,300.0,1.0,0.1,12.0,0.01,15729.0,36.52383903,15729.0,655.375
397,300.0,300.0,1.0,0.1,12.0,0.05,3146.0,7.30523222,3146.0,131.08333333333334
398,300.0,300.0,1.0,0.1,12.0,0.1,1573.0,3.65261611,1573.0,65.54166666666667
399,300.0,300.0,1.0,0.1,13.0,0.01,22360.0,51.9214852,22360.0,931.6666666666666
400,300.0,300.0,1.0,0.1,13.0,0.05,4472.0,10.38429704,4472.0,186.33333333333334
401,300.0,300.0,1.0,0.1,13.0,0.1,2236.0,5.19214852,2236.0,93.16666666666667
402,300.0,300.0,1.0,0.1,14.0,0.01,38248.0,88.81453336,38248.0,1593.6666666666667
403,300.0,300.0,1.0,0.1,14.0,0.05,7650.0,17.7638355,7650.0,318.75
404,300.0,300.0,1.0,0.1,14.0,0.1,3825.0,8.88191775,3825.0,159.375
